"sla","lnm","lls","sla.1","lnm.1","lls.1","sla.2","lnm.2","lls.2","sla.3","lnm.3","lls.3","sla.4","lnm.4","lls.4","sla.5","lnm.5","lls.5","sla.6","lnm.6","lls.6","sla.7","lnm.7","lls.7","sla.8","lnm.8","lls.8","sla.9","lnm.9","lls.9","sla.10","lnm.10","lls.10","sla.11","lnm.11","lls.11","sla.12","lnm.12","lls.12","sla.13","lnm.13","lls.13"
0.00687164495348642,67.6882933808461,5.42239345697925,0.0164686669663228,39.299806397079,3.03575326127228,0.0175524726307397,40.4665823869461,0.494925889223647,0.0458065090860722,17.6437073155285,4.26421363403118,0.0147535894913981,37.4289966714953,1.72588606068869,0.0280545621820634,18.8981669155949,0.279404172873497,0.0382454161816996,19.3937171095665,0.638607504086797,0.0407141158506419,30.5174330019125,0.315981681862653,0.0160912731533557,36.0976495499598,1.56720559264741,0.0174956719539197,33.0686853186224,0.617554650848376,0.028160139908486,18.5216458411148,0.487918133867979,0.0170132167162966,30.2670595426569,0.183368017600125,0.0688884330263216,8.98842217285333,0.155843453794321,0.0428721377922635,31.6869059033119,0.36729719012811
0.0147489491085997,48.0260627252424,3.82358139376958,0.014581644889433,38.8580319828251,1.25134818559787,0.0196576673009272,19.8983063144161,0.573174679338787,0.0317741969133183,27.3078609379833,4.50842082451777,0.0189532339338608,31.4608088187692,2.26334015538091,0.041694991183745,20.5558041251126,3.90489547727118,0.0275693961715575,20.332109255638,0.605694769263439,0.0300435708318117,19.2634352626332,0.266036690607285,0.0173730190790526,35.6207813395039,2.07079740929515,0.0154998696618266,16.5487653171678,0.581653985052651,0.0237074246136849,22.0586546147543,0.332066059028364,0.0295266922623697,23.1788593132852,0.194103231297278,0.0712476687358408,19.9818737485158,1.24185096677785,0.0239864511948498,35.7252714329141,0.360461131903411
0.00978254541257191,71.3658194468399,4.19657997733954,0.0102910967914938,41.8759490594795,3.99325016710296,0.0175896071130832,35.8099462379945,0.504339426488159,0.0289342221449504,19.1599125361919,1.36185891608498,0.012393366116689,58.7859531693622,4.32207281293823,0.0299311994306028,21.6619362781463,1.86379889273328,0.0164224222078712,33.4835575236191,0.528890599559764,0.0213883424580808,33.7496658800894,0.433988242467187,0.0143719054696227,16.6697936714815,0.676674001794922,0.0290472656114934,22.7055118411121,0.72475265919524,0.0291541884378574,15.5464467300949,0.30282778550335,0.0294479992160673,15.7845360297991,0.168495424669977,0.0215352377446241,26.0759466178118,0.0778655315805069,0.0399367055013722,22.3152614296199,0.843714610885617
0.0164521770346474,43.1093626838398,3.02960845925482,0.01292341861459,37.9153600624492,1.89132351045855,0.013164107228143,61.6957186173746,0.418061806304852,0.0256779629352562,26.9889238954436,2.13535251266221,0.0228553620847615,25.4024853300427,2.07916821431523,0.0434702487544202,12.785188742291,0.481900161145943,0.0386101876932043,15.9610519787098,0.593648627287711,0.0383817350924952,9.76030173529487,0.52164430395112,0.0160812429490237,34.4887890741596,1.55072115621882,0.0361298981708564,21.4004173876684,0.548078697044981,0.0383723418474106,27.7872968850206,0.639156757612278,0.0333964711402948,18.1572888285528,0.154495522542971,0.0419465891745929,19.0821130912364,0.168244600836836,0.0245327513552257,40.8393143396979,0.47552356303342
0.013225815930975,74.4665782757655,35.0825144795669,0.00621927654872306,37.7134465780443,3.90691307541263,0.0175024755219223,31.0906210220804,0.514033182936653,0.0178760959824689,19.0308720859361,0.521045145286581,0.0263009592721933,17.587001218175,1.00266049665929,0.0198454316975778,23.5622134401089,1.27437524357077,0.0147509091835471,34.2079177385459,1.15854373291588,0.0285541025123605,28.112946787516,0.296345183698772,0.0358440373179665,25.9029828994919,1.03946400018708,0.044230747683982,21.6014677227862,0.564002553152376,0.0250984758011021,22.4362028755559,0.359304200620061,0.0222281788343965,22.263102533894,0.180905574839536,0.0367688080668003,12.0098158889134,0.304683444124437,0.0390900880572919,36.8629858086233,0.279690353405426
0.0178603524655322,33.0054189385718,1.76658113995353,0.015565372759981,48.4901867312105,2.01361438277878,0.0137813263225903,66.7171087493839,0.420325151646583,0.014943558269718,21.1538357739026,7.7750304589172,0.0280076865684239,24.6414647259285,1.85724163648141,0.0236183500874621,34.160694438972,2.48433543647788,0.028798654601812,17.9841857757896,0.604020313892494,0.0177422667645217,13.2854239183543,0.274565841679028,0.0224955919647197,18.8353298439819,1.72453666098023,0.0319546982018045,20.5364533645505,0.798454678820668,0.040365852653071,18.1610040129826,0.449189639069621,0.067115729776848,20.3796458224623,0.181198629353592,0.0236632332991513,22.2652611518784,1.74084290459948,0.0369951655330618,32.5627753030281,0.455754999276732
0.00813405416775714,62.3014505571846,4.10343496952464,0.0100633122111571,30.6234278231934,3.46468539978338,0.0194327566806742,19.6555076479546,0.571774830390842,0.0414037674804192,47.4428349599566,4.64500772607217,0.0165941934147646,30.5380497188923,1.03543098826354,0.0362345085763581,19.0857613619594,3.99167925420183,0.0353811260186563,30.1199552156832,0.624453549266814,0.0470207954389469,25.6191585442623,0.342186630202699,0.01409252512019,20.0163776497115,0.667081406908016,0.0302091766296904,20.1486825254051,0.449143408011626,0.0419621641622332,19.671384301184,0.510925158070384,0.0262754176682191,19.0444826120451,0.140936198476271,0.0450502149876743,10.8885731014109,0.385088560414235,0.023497232156676,39.27117638147,0.170699195194903
0.0108240634588175,46.571901447653,3.4592522754978,0.0177763083720904,39.0492559104434,2.30432453537153,0.0199775285233899,24.0407000514293,0.560723357857087,0.0296735479384436,14.1977492055252,1.7673529698012,0.010649599569009,49.8325862620261,2.94468190985834,0.0183319445256438,15.7092416347945,0.0696244009478354,0.0251684179256187,15.9176739847552,0.512279912801814,0.020250690762457,28.4453174965348,0.1902978422694,0.00862009039812661,23.0199801691761,0.597856868334383,0.0349516723713821,20.4835916526118,0.675886709927311,0.0296549425818858,21.2761197411831,0.340597054591127,0.0348235297319853,23.7133166644964,0.147196974164136,0.0311622458898275,18.2464561785497,0.364395919402803,0.0592435158601082,21.5739196646406,0.996374356028326
0.0159384395234877,42.1350911364554,3.53872400965987,0.0110724011047873,36.8433579576397,5.41185670046395,0.0152170767501127,46.713806467931,0.459601004299117,0.0120986667387007,26.961906997321,3.71995850198067,0.0279914119786482,27.9603185452683,1.19762548547399,0.0619855577136137,12.9035382734641,1.3128993153788,0.0230396769219107,22.863470587833,1.07264514899868,0.0256467853376934,14.6250499877613,0.262219863010491,0.0331254563369667,24.2720508283629,0.70065757037703,0.0248656524891981,19.6258986091136,0.578317683448456,0.0460765070634591,29.5513648557827,0.579601833250107,0.0415664449047389,14.4768406864702,0.137506666817939,0.0091693903287907,31.4648374143104,0.309734528014056,0.0282515905152643,34.7419899221069,0.353512092968667
0.01005933341111,53.2485332147844,4.77338384133439,0.0135511921270159,34.8807832426318,5.28564890648749,0.0222925041198666,19.8922758220047,0.600515008472161,0.0376851962425048,32.9425310175757,3.12111120870036,0.0362453121194488,25.3976947983514,3.41781382024213,0.0346698770267627,15.1816844523206,0.124711903312157,0.046756694623328,18.5762060204409,0.467500161278437,0.0631348563682754,16.277027715646,0.447321141153471,0.0143226003572709,49.6939750729605,3.31394067989949,0.0404822687557135,30.9844617308568,0.610610779002808,0.0223370554475296,19.2125257158428,0.372439871760374,0.0333500968761307,29.6100219320427,0.234695157349376,0.0483805759720878,21.4310726887542,0.668745326285792,0.0195355701812627,55.5172882202512,0.097242129665685
0.0105484146588208,60.093756455625,8.03235497695671,0.011574759980481,52.0920979951341,14.0388036493687,0.0183933992553723,37.9124324322715,0.50844589704464,0.0470208236990585,27.6713412029137,2.07160068069178,0.0317254097913839,14.9652588853396,0.968973805072596,0.0599896007209624,11.757336995861,0.223976276596684,0.0301920806442564,18.5773552230707,0.258815764989318,0.0350452744899079,35.2005053658675,0.431979387687203,0.0252558930043953,54.6573863049042,1.36202403971206,0.0279997134490737,27.6797055933188,0.485608503897337,0.0323350475267555,20.7217223761916,0.881811727504928,0.0394825434552195,15.7681782090342,0.18476946057963,0.0351593592046449,19.2472168617799,0.444756918874656,0.0302349927948643,42.3966151363263,0.211361531109602
0.0118548462832589,42.0548985133686,0.984749050485865,0.00566186282654822,39.3288968609214,4.78114648671621,0.018861730063194,34.696102153354,0.519964340139329,0.0604466798789406,25.1500926838689,1.84384264132566,0.018250910914053,33.7273352047091,5.96721404135642,0.0199262697359187,20.9797710321523,0.308489964943682,0.0611925067199697,20.641538996317,0.432837470110497,0.0536571410882792,14.2528522738282,0.385643625507305,0.0206687755070121,19.5294506597538,0.798558648353647,0.0160260867663123,34.5956963787783,1.53680445625162,0.0367303951052164,29.2381909248687,0.371406445198449,0.0338999408128005,17.4213088120219,0.142868015631646,0.0414742075374785,34.5098476078862,1.11988328136046,0.0424892889516229,26.7673240155041,0.287086445487769
0.0149640536315164,48.3220781973429,1.87829944904511,0.0182690552446109,41.571277623651,4.15556700174366,0.0162273376574199,30.3707527691539,0.501574510920923,0.0128861958839235,28.9676328432284,0.661583840906455,0.0252240005798548,19.5553880152152,1.36794304786213,0.0557419371461692,18.9087367083043,13.8813760565778,0.0189764572336211,24.649487895466,0.675666430410035,0.0105587903885272,46.5238501042397,0.341080927510036,0.0196614323516236,20.7773374644985,0.679340427133914,0.0387873769161161,22.7323287218378,0.391399401640603,0.029430401358628,17.9891221274956,0.474202994885038,0.0296261407837659,19.6416694960581,0.195564645774937,0.0328274181754436,23.4859619331158,0.356099572455239,0.0315726159576579,45.3555642581799,0.27188018858663
0.0220670031855709,54.0842721819144,4.78497811811858,0.0171614922932677,41.6145499474302,1.59064618065935,0.0205822828915253,20.812380848024,0.57915303373491,0.0240645403280352,26.2705378884419,2.02846288253731,0.0202448805947807,23.3454113307523,4.77880344582842,0.0224317785925937,28.6132516369662,2.49155042905918,0.0350816738885394,20.9785214463184,0.703459999777535,0.051894118412214,18.0075044820277,0.452194908283749,0.0390064709680997,43.996982396338,2.01340297883433,0.0342934177836117,19.7219863974217,0.426000563332701,0.0362713903955425,18.8826111010407,0.306206885613205,0.0419424523910431,19.0542004935956,0.13773423341779,0.0645875781708228,14.8589828517994,0.184498056813723,0.0242976616100643,44.27768431617,0.286134923336425
0.0204238418235016,36.5939074310721,1.33864296132452,0.0137531669538148,34.6115892579158,7.75498487704242,0.0195968923733746,27.7329501968426,0.545118024578451,0.0273783874527875,26.4049525792756,3.25177188024242,0.0176762549337945,22.1606605728227,2.85215084315071,0.0277808004771867,24.9159079711027,2.66286275511683,0.0344116039447847,31.249584826089,1.13540531189623,0.0152178117072842,21.5266288804856,0.302422151838293,0.0212783805739874,16.3229006329712,0.994229454334738,0.0314266218352236,21.9280578721997,0.541621390304223,0.0329464499533946,21.2358802233974,0.329704987075897,0.0278592895144153,18.0798476061974,0.158207799117276,0.0411096626018793,21.8478812756789,0.676340051730507,0.0405473779158871,30.2502739480145,0.341561961944801
0.02184197155537,36.798127817781,2.65112329088658,0.0157871892765132,23.634296984533,1.81190061301896,0.0186695548377121,27.2091424923249,0.536935426636354,0.0195027714075131,23.5505695856885,1.23358954495398,0.0166937688519234,35.9033049686142,2.59100496282514,0.0193136525035727,23.0978266620281,2.92656079906921,0.0178067878189144,33.0482495930333,0.928769987344174,0.0406002376768418,19.1797918674849,0.602190092979169,0.0133449896045392,54.4265419451586,1.75930006698197,0.0404237796107077,18.9772900556108,0.371870160071451,0.0304272433933296,24.5482946962156,0.471962910702914,0.0224581845843456,21.5033035896333,0.219420680996085,0.0332512794052454,18.2327597004044,0.523713069256566,0.0516519778746644,20.4276638361324,1.47199653069415
0.0244419245762019,39.4840033790146,5.24704415502483,0.00832557925893975,27.9005224037499,6.11088842102021,0.0186444363756363,26.5005395893702,0.538764027687754,0.0416022865237654,36.4272360879261,9.20041229524641,0.0258555792773996,59.4447043087498,1.79138821553398,0.0198020561754623,37.3523130123537,0.502787163799459,0.033183918103321,27.9410535201583,0.57678320320326,0.0339092347665166,26.2224749431282,0.261505132358969,0.0211835691552793,36.1421167735833,1.23113103703018,0.0202928878479456,28.3189292457989,1.0890625856737,0.0346006716401678,22.0609977381831,0.39764059320707,0.0437820315138402,14.0131364683304,0.127248465977485,0.0670558844080487,25.5545694270549,0.442154118096609,0.0330012370122297,27.1484270507192,0.378719913830735
0.0105225265394781,45.0122660854072,2.69213007973322,0.00991711664999295,46.2191524289254,3.5949922128317,0.0175059002087858,24.5902606284648,0.532194808048917,0.0156157248698359,39.8335814742052,3.62249570437,0.0211902644174909,21.7570883546523,0.686443036726167,0.0388860826003645,30.6985028309898,21.0908805551768,0.0126407055205336,32.7593599828226,0.630502155519027,0.0408119753976482,14.8578481025487,0.460607856761025,0.0321540742236827,26.6945814312534,0.492693882881411,0.0243268164511176,17.0169073213269,0.384422506577799,0.0193063207103625,26.0143419479619,0.397201309020975,0.0338686834539719,31.1824166814869,0.210375314671747,0.0555257529074046,13.0059318463389,0.205621823494676,0.0202948559260282,52.9150866672607,0.201416004983534
0.0201960685433792,44.4404793195138,5.16000262704444,0.0133812972497578,42.1361140199984,3.03358700105291,0.0156936743822837,50.8485455278698,0.459088840171592,0.01899710139723,23.2093424212287,0.428819765523115,0.0284463350514889,24.3010349627208,0.673610565180065,0.0357596822100173,16.9104659863306,1.3166863431752,0.0665539013963796,15.7755833178819,0.485825378171739,0.0462273403707277,19.3411555609685,0.47239107057252,0.0125397592894104,28.0503496842371,2.60552456664761,0.0278612520146115,30.2049134823744,1.02312329321214,0.034032636044216,20.4147551579339,0.530634297943883,0.0313302940284541,19.7431175165452,0.169802387206604,0.0357885205327851,32.7677208059251,0.724283090300539,0.0510470129179712,20.6418873799842,0.52494007428874
0.0123944580150454,52.3623519852666,5.96689426175332,0.0173601217022676,35.4545823912015,2.56251594288482,0.0184178173146159,38.4606907776735,0.507617827657848,0.0132842109993809,50.0396778255291,2.18568699140281,0.0180181013206937,31.079761261897,1.06396879853366,0.0169793587291767,17.7981028036726,1.624638057657,0.0268080614961419,22.0398102415813,0.66383759545543,0.035420984097848,35.4648480108873,0.341840720205742,0.00780884787677501,14.3501902172448,1.84124265554907,0.0412787499360007,22.5464017537921,0.507829760718735,0.0277237609175518,21.0426291925917,0.500388943173556,0.0402722476061224,15.7548307784802,0.177782910123112,0.0384675101497043,33.5013902443724,0.645690200217502,0.0319549526711725,38.8830814534649,0.278883658404412
0.0155939496881364,42.2907592546937,2.80516627324102,0.0105679830162034,43.4791629407369,15.4081496980891,0.0163223456986442,43.8517307206695,0.476109980145929,0.00589815421663868,29.3144749827887,0.734552038365554,0.0322686660294993,26.5073605978829,2.32052252347663,0.0259596322718058,20.8410990550829,0.280317599664922,0.0266535212383555,26.3225981518723,0.525987985923147,0.0401557108982804,35.1233960131627,0.477526259464871,0.0347992105345314,30.4451374640363,1.15369491266894,0.0202420182349462,16.7959081326063,0.617387494626467,0.033050721024519,27.1496281745128,0.47463838606116,0.0524451012314118,15.9372394804654,0.129669209793174,0.0134485764871076,27.245082935167,0.402451521529104,0.0283216685662476,29.6157870085679,0.545895962643007
0.0123362259022081,85.051290876331,16.9694866862572,0.011827202057433,47.0646775507651,2.97283172197057,0.0153753567475517,45.4401631378106,0.46325238457714,0.0107036773619468,58.4629391787838,1.89244645160561,0.0202050629452962,30.0958590957226,1.47532131677085,0.0229570425162222,13.8774630295412,0.132025311402428,0.0180709786142192,27.041785914354,0.744219192345231,0.0355109739881009,17.2094492312026,0.434307730533498,0.0133454941182117,30.2290855893966,2.38259907043672,0.0546974413293464,15.8180504976678,0.268524135379145,0.0411118929666254,14.8557034547892,0.353290554610332,0.0383104540352939,21.0523225470411,0.190407831379122,0.0223609431993359,19.2035029511252,1.40897209348775,0.02469974580194,35.840595878259,0.333072653127096
0.00904649662028695,55.3456655911609,4.05759988753668,0.0184806338776676,50.7471442265779,2.55329999851334,0.0139155973254822,50.2895829912146,0.43982328053838,0.0121149411038273,15.6846745030217,1.10612280295385,0.0164127310900333,40.9789863384224,3.48272674438871,0.0233305747797715,22.4905221936378,3.04191875068933,0.01969377820445,33.3754828316356,0.778697514560677,0.0410554022090231,27.2071705545125,0.353092971404358,0.0176928421218709,28.7565278414403,1.20507721055515,0.0231548110647674,27.810658260574,0.868050364835742,0.0238680552669761,23.9456403130755,0.593391190705286,0.0503231070249988,23.4935236571007,0.116788257657515,0.0328824450776749,41.2861575315669,0.684427839226388,0.0303523656357178,35.7434702802182,0.306954418099549
0.0165681804252753,39.3482434233698,6.52941286348038,0.00617650116664673,43.2445450189861,10.1708803540933,0.0187651039111067,29.0600436183329,0.532746288993486,0.0193658727955556,23.894822659648,5.60692270136909,0.0202391941155452,21.1654896833052,1.62011114615956,0.0223510221103814,22.881592560508,0.298855017680792,0.0401979596379503,25.3110924429724,0.584609994948692,0.0431422850106201,18.7023456979867,0.284679926360056,0.0181410610328772,49.1328964490378,3.06618173229739,0.055032659149271,16.9101400691944,0.195603683182596,0.0491189853891817,23.3337191670119,0.544265863385981,0.061232951132002,21.2624985885182,0.169891421247747,0.0285788313247352,18.1193320122166,0.268352249118183,0.0296213642762298,23.9708232366963,0.615737859763092
0.0129777074956442,49.2956379439642,7.00881419645507,0.0139850163268696,29.9955140628431,1.38362883778101,0.0184217835971539,41.2976163390679,0.502349131468325,0.045551356507467,25.6070786531719,1.72145889640727,0.0259330376227477,37.5205058492664,1.03960034316301,0.0257063312065879,17.8310016390055,0.978764196514945,0.0182032562115134,23.6050003113798,0.680365107632117,0.0238898340819906,24.3273589246892,0.272382684331782,0.0165453775222596,24.1308401545734,1.77006208216459,0.0511239235985578,18.4702340036554,0.293054655679,0.0341252855646234,24.8818141049531,0.906206090919265,0.0388467267005785,15.5132124129572,0.142312429937351,0.0620529504792272,16.6372327302172,1.25483274447758,0.028457769359085,30.7563167399062,0.417460751539827
0.021998559191125,33.53606339452,3.07537386787325,0.00766884780920215,36.7603326400969,4.48264431053323,0.0226299459204683,23.1094901698898,0.590637451507441,0.0421808970501316,29.3844785236559,4.90945602570625,0.0130478234332957,42.4593853450457,1.48555674233735,0.0213762130053363,31.0181390595356,1.51350879059862,0.0414496735580139,25.6913081639056,0.679928095494194,0.0323512318657723,31.9784373432772,0.391847119211911,0.0230353828423796,19.4046353347567,1.16077614833129,0.0426451468063694,29.756129879902,0.477131724301398,0.0441743533256347,30.0483771649323,0.434469469004859,0.0410853612807122,19.5520425327202,0.169686518130639,0.00879473652554976,56.6586675691826,0.413194073185979,0.0453148637708573,28.3014258282001,0.490008931889553
0.0133571105307973,41.9683862092504,2.13568062229819,0.00640884670574468,40.1064128198789,8.07712269910328,0.0151916476262982,52.4421585821008,0.45153478826225,0.044774089757469,25.2842441902478,1.85235580592895,0.0186103804397345,24.1632264608088,1.65264006731771,0.0187503134467631,51.0174745432471,3.3408982556086,0.0265728828480426,22.4591866536713,0.946363093497982,0.0275346629874928,9.06609676729402,0.359182850596646,0.0165713122842106,32.4855435960311,1.83921088590644,0.0321413441943061,32.2588606652836,0.628935054594177,0.0326217546772429,15.2204468774825,0.391575479924599,0.0350913043854299,21.7078412091693,0.172181420605541,0.0207157007295404,27.2893822058677,0.188649000828273,0.0396752724618249,29.6266260870133,0.327625850208126
0.0206409430984248,42.0903646646317,1.91729632711996,0.012073033371655,40.4136274693109,3.05371187298584,0.0177616100564843,47.7932770649734,0.485029290641622,0.0335002015739377,29.060971289544,2.35300994975652,0.0146820836227062,27.1392642634923,0.610263656217931,0.0338423416728465,21.0296450188761,2.71457238114796,0.0166171425826761,32.8278112216526,0.590755606514361,0.0760293410058532,11.754414119264,0.466365140157395,0.00977906862238772,36.4313013448332,1.57182821081744,0.0407188562570007,31.5711926260213,0.594301626835293,0.0221626544094941,22.4160671909724,0.371631056960914,0.0351404998875231,22.6158402472516,0.181369104935617,0.0253484923935099,26.76203716959,0.418708751824302,0.0304964907014653,39.9941189907087,0.227069558700551
0.0203284604015802,34.4829322521898,1.91611223471116,0.00526785767795417,60.4115546486313,8.36479350077624,0.0173288881299905,35.3166647784211,0.50258849182794,0.0505502466038637,59.1427849829794,11.2833148113387,0.0124119441898662,30.332866460131,2.74270409051197,0.027612310343315,18.4414972924536,0.142020552462297,0.0294817080794829,20.0020708861631,1.09240719417816,0.0315281908998954,43.3671220212442,0.258327760826541,0.0149083133120112,32.1339418640088,1.14515393665241,0.0227209666285097,21.1509635016329,0.741225427243225,0.0288594583393868,18.1631224169358,0.331117686382627,0.0384566657065049,19.3554742718018,0.19515327396562,0.0275802619172364,18.36567054334,0.674766927908873,0.0244652739106598,50.2278326393336,0.0755675632067907
0.0253420350604089,32.2342547069114,2.3530046539406,0.0192568525346574,41.5981373033735,2.66457753902461,0.0196729698747261,30.226145202712,0.539002064002095,0.0307740484898973,33.4922770323382,2.76752780566904,0.0269034187131734,18.6840257647815,1.62808511368418,0.0195806704319573,14.2352290818681,0.195281701575224,0.0242010360605123,26.0853459342796,0.521026135002056,0.0388243497033191,16.1646404771861,0.419362772952417,0.014305495312485,41.646552760618,4.43570499336872,0.0415670778322822,19.2016446359256,0.356336127961539,0.0236433532864935,28.664317618695,0.514641799375486,0.0309384581822916,24.5044444843871,0.202148988915541,0.0380923417380123,25.0930484455364,1.35730637321307,0.028491180313672,55.4453398862716,0.372996799941874
0.0141306716615544,39.4371520364948,2.52545557921111,0.0115659997533899,35.4477157593117,1.62761404595286,0.0195241224393889,25.9347161810177,0.549785751735233,0.0308960293511021,17.0243147342849,0.63632710369644,0.0133560423592451,43.4153872208381,2.27573699094027,0.0302981734291364,15.2359229169785,0.281639685024863,0.0223288866106481,26.4763602758845,0.712969144106134,0.0210566877192857,14.2405099053065,0.466531339913543,0.0115557575994494,24.9759554509442,1.1575043163422,0.0235184725835517,33.8853598813881,0.924235117677915,0.0322014271478306,31.122823279056,0.848159178676768,0.0301846795274389,29.0735881865359,0.217538323549839,0.0721935145955331,18.0803605161096,0.385193548764135,0.0264787320790581,32.2336311351288,0.308788128487607
0.025712895199636,27.5090820979544,0.904453299521243,0.0160670985543815,29.2048921157701,2.1118073309578,0.0207515731958826,27.449961598957,0.557635813892239,0.0449646647436202,18.0682341504381,1.46007510722552,0.0241235404493457,24.9495326893245,1.77901920740114,0.0305167674017546,20.3491198582773,0.173404324398059,0.058485733755986,31.7528323940577,0.450311956153199,0.047526265598886,26.1808035937373,0.353927447014758,0.0246127052629924,37.8885759111086,1.81934491318435,0.019526762265388,33.5915248332325,1.57412083911408,0.0409135313847618,26.8051970818678,0.481594765086025,0.0376174033613902,17.8165574660545,0.131736136578365,0.0367148673237202,15.0600741300271,0.226007554018428,0.041131634608893,29.8231142591931,0.43265053885919
0.0184209273465045,45.1456308390079,8.42654221294195,0.0122657083751201,28.6927910240816,3.67743951240338,0.0170475081389091,37.8242258147468,0.494516139602768,0.0273452385308812,22.8174025692413,2.15210308868477,0.0153192940445282,28.2003645100206,1.19161754181123,0.0279357620340708,30.2089201404905,1.71446818164595,0.0357776623614916,24.4648053112552,0.540438317834184,0.0437028141512634,12.6367303582287,0.642985070872124,0.0190978770297183,30.6418375469643,2.06459974790549,0.0179205455114275,20.9328997989755,0.761183530386928,0.0267127067733355,14.1869920576902,0.319022713655171,0.0186408924297265,21.6846049447288,0.185466220606102,0.049049837115825,36.0257324954131,0.652359580179063,0.0191064517391285,52.0095715558798,0.151058190883717
0.0165336487529073,41.5060612930497,3.74691003195986,0.0121177962001655,30.7762195964699,1.54855650143884,0.0177223981467613,34.0039773455409,0.509626174591593,0.0171318820828951,33.5087625261673,3.21283795886552,0.0152668178198264,29.2374127984118,3.5716497959439,0.0437417520180345,22.2027479225443,0.247392457755187,0.0409283153789956,20.9289371781192,0.690890533285571,0.0634143581310185,16.9168076491378,0.384491449389404,0.0275719095292384,18.9782977974125,0.525086784986062,0.0327206371213219,41.6865792084358,0.887519456481743,0.0280538849247809,32.1131750505988,0.399109456788602,0.0465063304052125,26.5019745068366,0.224131396104705,0.0340500790826672,14.2125081533631,0.167107408901945,0.0571304596197545,18.9301139310996,0.608448713542263
0.012831745933364,49.2044439447202,6.24341742364334,0.0156457533758609,44.2182591727058,2.72992958461386,0.0154029458345559,59.4229206121109,0.445547445831433,0.0303792132387056,33.4836349703611,2.28802564382609,0.0162030289398767,26.5158559474396,0.858273832806011,0.0218501852289611,35.9265162651094,0.907295179258828,0.0396619987228368,19.2881034854829,0.397574618794654,0.0160988010086729,56.9882741285107,0.340761588815814,0.0115654139267889,18.0564058849045,0.521361633154715,0.0141616746380842,34.3168573114485,1.26123185109711,0.0369878105055838,27.346282852137,0.788497262236364,0.0365324702759862,12.0510695601018,0.10860740031424,0.015382715261229,25.3883437584423,0.669166014784816,0.0358890977772052,29.0302551780001,0.55546979771326
0.0107248241260132,62.2738668346064,11.8083514320762,0.00586859254926409,52.6583112443078,6.51362819120407,0.0148326166543243,57.8208833024324,0.441146520503814,0.0493088350097184,51.4837820386224,35.2983503720464,0.0125567859619646,23.8351777522876,2.9023568861422,0.0256677557761489,30.4405456877525,2.39681223015891,0.0145454952963633,32.1716389886181,0.770655547121315,0.0355347079323885,15.2011728536855,0.339760442459901,0.00917108846888003,32.8345891909029,1.93271306477431,0.0336570019645473,23.2188531986731,0.413550714442002,0.0333180678894298,29.0597388481117,0.520781531435806,0.0419603734856615,22.7403681561417,0.227161330360311,0.0151664171534339,33.84379196494,0.967387858575906,0.0265850313636613,34.5311261827683,0.198958136515579
0.0102910138348062,62.432293483152,12.4692218080476,0.0107918777972667,45.9272806105412,4.96415579672958,0.0153671733612913,40.5028122033763,0.471098336518107,0.0199535837810958,37.6944365051854,1.80275451848347,0.0162406205191956,37.9709394195119,1.57216270502635,0.0150864163230031,27.1443220408973,1.95236775736737,0.0364188143837567,25.154845434467,0.482744446222663,0.0678347686783128,12.5067789290729,0.528528255556868,0.0163419990561907,21.5750435307668,0.790335327860006,0.028371833328284,24.9606966382127,0.699935567918661,0.0282575057407267,21.8613882235928,0.368203426833205,0.0382536382142961,14.2998363610781,0.182736630952698,0.0759340782686112,10.6172975586594,0.492907817315369,0.0307519511707534,29.1785744148107,0.59637487350966
0.0203652020968595,38.1555470401398,2.84637643516821,0.0246248242358676,30.8523014251655,3.87027241240729,0.0182359441336996,35.3385251469726,0.512121913353725,0.0310591169989288,26.1306993544357,0.554047535039456,0.0258283725216933,24.4600805773286,0.786670719879076,0.0333489132634856,20.8989924629202,3.71801386767911,0.033723138291421,19.4054806730585,0.456647930793432,0.0277918040226122,48.919883076077,0.283764881881603,0.0155609241800279,20.5930411362131,1.3873159621629,0.0413344476084953,26.3030324775985,0.410005413497141,0.0593130408761556,31.8011684902589,0.476300949298259,0.047945405994386,23.8845846172288,0.156295577381195,0.0323306737616023,15.8798470566251,0.16399812467797,0.0341391041300048,38.0174987018921,0.253179267109652
0.0160657335395852,38.2798407402694,2.29368092008879,0.0102210809710008,35.6791315627961,5.9569995024619,0.0190919781380392,25.2325698499824,0.547465492824017,0.0239582851455579,29.623328065565,2.70034587484121,0.0198864957699383,37.2411478306972,3.64737072361808,0.0274280297546991,27.1254164327114,1.0529268915303,0.0436342188326888,19.4857915922597,0.389074899297134,0.0216801157460946,31.7942305958402,0.321684091564198,0.0171349281876186,19.3834054773587,1.12380965359431,0.0354153169202509,18.8756585062185,0.354597552490758,0.0358016072417219,20.2331569642012,0.452941620363846,0.0329931213826061,19.0798506061949,0.184050127100546,0.0469338745162031,13.8325140805595,0.387631786154359,0.0260786759569955,32.0115490647304,0.387410263071404
0.0173011044597594,55.1209854429259,7.71987399062796,0.0195900046720919,32.5829249195533,1.23889920425612,0.0213191553818224,17.4380975028274,0.602276141930024,0.0248898498470025,21.0182605100283,0.720755083926896,0.0222662007409711,18.3088885273304,0.680969557129059,0.0314125935434092,21.4082877182726,0.167261515943285,0.0237349259367372,25.4381047400662,0.717415240610604,0.0332587537578224,20.0261627610055,0.386842284871828,0.018976058572782,33.9115255196432,1.124747857563,0.0156825685535175,44.0165087466499,1.83124737658895,0.0261856234431295,26.090772070928,0.566166162306569,0.0762477515274896,14.0614988987974,0.114610342815811,0.0305262747451401,22.1729570747411,0.337818891309739,0.0264744460795235,34.4424164182874,0.724633747301252
0.0197983025793236,45.8451037504658,4.00915798898001,0.00776093224388319,38.7435730742524,2.20764521145515,0.0180335485391378,27.1439675562548,0.530279554427987,0.0416260938447497,29.380420210027,1.43078058091188,0.0165551869099456,31.5058172985941,2.77483722083585,0.0210442997523177,19.171856287034,0.329270761968177,0.0301578276240449,25.4737534156095,0.676976251019821,0.011493701753943,36.6221248859531,0.215457924287114,0.0199436384074573,41.9056064509272,3.12736133352861,0.0331840586921788,26.8707742614146,0.680348240777375,0.0325580294765729,21.4836259142936,0.365373269882553,0.0389091884762641,22.6281962952689,0.141728287437688,0.0245622382004659,52.4713699777638,1.13050952442263,0.0367407826832816,37.3784810194969,0.343972269922698
0.0112824657810832,51.3793310143161,5.49434081022215,0.018065145800608,36.6033121165236,3.98327568636011,0.0177993962319786,32.0499511586887,0.514926664597587,0.0294057362444798,18.811056504648,1.69824039587662,0.0176021187859911,33.7752898337902,4.79326123611408,0.0544706500199101,25.8388505003599,0.657037773393926,0.0315767166755885,21.4856386479812,0.507484437632064,0.0176351647042511,44.7141197244695,0.426123215339865,0.0167495667267674,39.2692186175263,2.25757400923447,0.0211917896045749,23.4823282355144,0.916346728090625,0.0227076947510856,18.8952553558937,0.284691444758377,0.0497665593420666,21.0302808150867,0.231886234747156,0.041266711189846,22.5774787807342,0.931861123661695,0.0235037481722503,40.8986336654426,0.527569809070885
0.00584899619918397,76.7336206282996,4.49903106375966,0.0109621775452142,52.2235749714279,6.0660574250699,0.0233127269293538,19.1722676232593,0.613877442006741,0.0220524880030158,24.3630541608574,7.02847098420727,0.0228359016192837,15.962004567301,1.12438715930915,0.0676412189388581,13.6524422746998,0.337383238945921,0.0342629859605847,14.8713617578625,0.350549081712998,0.0166636431723005,49.7285134941813,0.324841473509071,0.012237150187921,35.6209124787714,2.23381175679035,0.0333970632272932,20.0941237985809,0.496265821427372,0.0297834652276665,19.9168643890352,0.473512947720886,0.0453574426595812,23.2403445968136,0.153605116736009,0.0256022343503959,25.1924386544733,1.18563010801235,0.0278598939420172,25.1553416302293,0.466658271588141
0.015103689924026,31.177680573572,1.26625681481617,0.00575192311139843,40.5077642419778,6.26806882941333,0.014882307851604,66.4601245255876,0.432699755358621,0.0108184989903811,30.2502307934176,0.836309562930693,0.0238244776124047,27.8049737799267,1.06367079810456,0.0286096074947422,23.8089152712071,4.94880389343741,0.0219263248509913,43.2041815600106,0.834557215317372,0.0299387292005798,20.2638713005011,0.327077946850127,0.0229976683719945,28.8496361122564,0.741815286322623,0.0454405418779666,20.0371001287613,0.324164219946108,0.0340729425243255,23.4339701550094,0.490168327802668,0.040480635666581,23.6093109821097,0.181544787992968,0.0316727669341154,62.1678076543897,2.74129238730145,0.036211497625744,33.7971479217891,0.419502589156554
0.0144029541619701,40.5074816297223,3.74197027218401,0.00779934911951208,44.6913367705267,3.77927218041875,0.0180394684772201,35.3635955454441,0.510019426494223,0.0181391888691065,24.620545711074,2.59972655207145,0.0258848947172438,22.8813800185995,2.2776839487509,0.0369187065606797,21.6952878400025,1.44633679966931,0.0551647920055911,18.2492628266518,0.737097805304849,0.047833723930762,19.8711393866888,0.245532018276663,0.00920451303716487,47.9450722591018,2.70130627010078,0.0463900891615695,16.9039447713237,0.249475740268696,0.0351782569538197,23.0105691531041,0.445873511289425,0.0301020297118555,14.6068964394001,0.142103807012665,0.0337495176382447,20.5847924125146,0.505714855446202,0.0272921298380682,35.4336927735866,0.445393336725724
0.00969225080593242,56.7347281344015,7.7069413880763,0.014822857643078,39.8783371496975,3.09621842423093,0.0192868765244111,28.2158001048128,0.540530376167887,0.0351495346179902,20.7981466893637,1.68991483106239,0.029292955517084,20.4554167759346,1.97131300979927,0.0231722247200065,33.2200140557137,0.745665121497092,0.0226650932937539,35.2761773715025,0.835512426199802,0.0259190996910848,23.8291137218926,0.323646652105327,0.0130200814043503,33.1801095111655,2.09773786810598,0.028181388678481,22.6193282776936,0.576724876696677,0.0311062502159647,22.3042972345658,0.392796872159541,0.0305529949581695,26.4874599751954,0.248406241075992,0.0222953192636724,28.4391976990491,1.2114242537185,0.0198412508107005,36.6760117335649,0.386711482457757
0.017453500891179,30.043337203785,0.616906206120424,0.00731021103134395,44.8308748262258,1.23636774478259,0.018085612399542,27.310842531551,0.530365239146825,0.027248596043822,40.114611331452,7.78983093100313,0.0147729835619184,28.5978494582608,0.870586164205485,0.0209004005401751,18.7965010482924,0.85068880290316,0.056203954111799,38.2999068053979,0.495257456281887,0.0407013054749729,21.7743167255266,0.473715296670922,0.0107237851290408,36.0930960532221,1.31218756869411,0.0313099666652248,17.7892024289728,0.469617765470671,0.0158630525852313,19.7180594781571,0.428669183086218,0.0253833352239719,19.3139565402921,0.157701743564378,0.0199755391045034,24.3815836332881,0.483865669383742,0.0223231910232836,40.887752217274,0.322066406078542
0.0141347219956446,48.2657523870923,3.70424695175625,0.014564950935625,40.0896659699909,2.88456261979463,0.0166757589377441,43.0980918551041,0.481130076418338,0.0972204163306762,17.7251722580212,2.41245936927881,0.0204400366340126,23.2784992439593,0.951241187919621,0.0525970607101618,22.6403797578904,1.31912922973969,0.0305132130457762,16.8031111781835,0.600375342949614,0.0266830954530593,14.3692622887896,0.264903693256035,0.0271700438915555,23.7728472776322,0.860724061751965,0.0543003128687209,28.1623400972008,0.39881138026406,0.0211562948053849,17.6719215204628,0.546551469678587,0.0326578110402727,22.6590107589256,0.189313314451157,0.015440127542385,42.2103978213459,0.347857212176575,0.0533097466533652,20.7053408042731,1.1579324925669
0.0148290615109293,63.0622061683543,22.9712361889351,0.00728399037185555,32.9995424120363,2.22851574464484,0.012821313033259,92.842878391943,0.38974414066507,0.0150402089317784,46.5952811391017,2.05254960179987,0.0140989309683337,43.9602167929307,3.13312582549063,0.0248093307676766,41.900262185747,4.93583528200943,0.0439426028460809,24.1818112751166,0.358733027392015,0.0325439346692703,11.197325441818,0.22094576172213,0.01404839981464,21.7782499213935,0.755424764293976,0.0185566472521072,32.0339156803807,1.1698769723821,0.0399481228237715,20.3727971680389,0.441604992835679,0.0373667371372104,13.9047052248579,0.11498547532124,0.0453895070470972,23.2992431494803,0.258767322629637,0.0289366146422142,28.3829744150989,0.5151220510514
0.0238520859894864,30.1899996889698,2.4228246174719,0.00906034132272941,38.2947448726538,3.45219747666401,0.0197145603619003,23.634928432014,0.559385156155585,0.0316728220146397,15.0471646582017,2.5284980496905,0.0233932482876306,26.6578438105374,2.08607511168044,0.041961313483385,31.9706790313934,1.30513506613153,0.036313185949156,22.9727126978674,0.619896973984309,0.0436749934523252,8.83702041381581,0.268531376750946,0.00685481754254877,37.4858882732874,2.39852473871472,0.0171270173658594,18.3383403494291,0.966453443643072,0.0499619818099715,42.1544007318851,0.410951792154901,0.0558407898614022,18.7045862434624,0.167565911798511,0.0273642273939772,27.2243178523507,0.418626073111299,0.0208378131549539,53.8663572405743,0.20157626186025
0.00894646015613945,54.6520360451338,2.64816635035542,0.0103299553363403,39.7168737189151,5.47336985360553,0.0168226216821212,35.1364350422573,0.497479272644988,0.0186639162304405,46.2142727667748,4.61287271544342,0.0218577864450044,32.8761407245806,1.87654747161414,0.0238477583540816,18.7550551438149,1.03769624799758,0.0435500947127178,24.4154897564457,0.497509083949374,0.0553227938078315,18.7894158828927,0.361981528889857,0.0154363638730696,42.2224913935902,1.6484338352634,0.0214226335032399,30.0398038451117,1.20672656522419,0.0507118086254113,28.2121839875478,0.431057880721025,0.054795576360685,24.9138134566456,0.215747781987366,0.0351242812804262,27.4425255722665,0.519591033592909,0.0345063622530218,25.1116023041757,0.990680725282992
0.016614539861507,44.4857990728331,5.04381931124256,0.0132549806942671,35.7486863148139,3.87762407828813,0.0182282756197054,24.7442153350828,0.539721356922999,0.0382170384939924,39.5763225513211,4.66107874931044,0.015120988978698,21.9095272544529,3.56866593976167,0.0333389270681467,19.6514985910244,0.389415635871347,0.0151522839433275,23.7419906009116,0.905857306878511,0.028950485859228,24.3587052633114,0.33241335516476,0.0369995454374797,21.9279668172072,0.590806356825966,0.0250789109650268,16.7157806459398,0.593732236154082,0.0373356874992135,22.5575456758785,0.212118575788101,0.049097391133081,19.0816501613854,0.136526878988117,0.0769909297016707,13.5913374668948,0.266359280121237,0.0339455531244259,28.8389477070443,0.478526145591312
0.00774290594056416,63.7005449249785,2.82833632133518,0.0196949194569678,48.6605505852522,6.1573609980631,0.0167999896640104,30.428660666135,0.507910983868204,0.0257191652088146,30.079244542976,3.56231766294855,0.0143013305221465,39.8256730709287,1.81025171868653,0.0416397499020883,13.3477897160394,0.216650092296765,0.0210457676199037,24.9494148012333,0.753281685290928,0.0242721620759305,18.318155289188,0.243328073590614,0.014361261599547,46.8740373085963,3.50164353842244,0.029478413250873,12.8513289307488,0.253054036108676,0.0276512989971143,13.2758981895914,0.246775251713763,0.0375889823464758,20.2861869750978,0.146167637527086,0.0488568617798395,14.3069064864887,0.493007367099671,0.0353618111635049,27.8359220639778,0.48539581030511
0.013158626288206,45.729911813022,6.88079428414339,0.0123752845347002,40.7406222389948,7.21285469588407,0.0146524620014605,52.2224218289695,0.445812397407761,0.061736462043603,18.2016801157314,2.04048323380579,0.021957871550299,29.0218065124384,0.734733429955427,0.0304279711611372,19.5469641110395,0.219829808855993,0.0282811239286207,18.4156219884394,0.613844891064438,0.0220102256252087,16.6395591949248,0.340088217303548,0.0200228060419518,36.6940923903755,1.31849445170199,0.023230489330721,28.7760214016004,1.15428845791366,0.0311696243068209,19.6096327496765,0.505034803645923,0.0144153452697938,22.8558291855329,0.212054268177992,0.0433966216071058,20.6283973786691,0.121501794129414,0.0272982385630371,33.6110543898962,0.492579215202055
0.0198020399081612,38.0058137838248,2.05929406051055,0.0198160102519402,39.7390945891447,7.05199280262989,0.0185114251387329,23.6651683955654,0.546396215942831,0.026158056128778,21.9948641840884,0.751018660752033,0.0143692648744838,32.7812134837861,0.862845338258385,0.0441649118813311,23.4671216639881,2.18499891581676,0.0331690053650364,33.1779488490566,0.426949848247957,0.0406406609387981,15.700181481557,0.300705990349025,0.0153947108703781,21.0496233362033,0.793413939407765,0.0521264659419489,26.4705914015296,0.25587974840877,0.0325984830743617,29.9793424934159,0.472574346587585,0.0301821563014743,21.2815414445423,0.140678301652547,0.0552539176858173,22.5749269458695,0.518345090049593,0.0318274574711249,21.1673956471084,0.653814775809241
0.041017096223056,16.1067591947843,0.185493654077764,0.0133371941689447,28.3025726590223,4.45824224769476,0.0202730591956225,20.4539372005353,0.577397305069112,0.0513595664455025,14.654594889526,3.10222385720523,0.0221742934195665,31.4561110182923,2.49412307788303,0.0231699064566085,27.7052620635226,1.25935352244296,0.0272321376636277,30.116917983673,0.657412385388148,0.0691345049100116,16.6469598654513,0.374279593956462,0.0329140395889823,32.1545406396577,1.48975356299724,0.0343718093883549,19.938949884539,0.422849664631884,0.0223388283062398,18.1029686724852,0.588874212458594,0.0294759079622702,24.5369356674369,0.167695869775144,0.102993155617527,14.7250281210308,0.259023786315706,0.0241850703613281,67.4804219326878,0.182256981703441
0.0219861230430414,34.1640755124419,1.71097397555211,0.0128968810295797,41.5672386847487,2.82037749984299,0.0187012835183058,34.3880939811165,0.519006166761041,0.0381405208166832,18.6212290913068,3.59873537245885,0.0182444573636356,18.7486303238895,2.07702191324474,0.0630926167955566,16.8970975544336,0.567647176701303,0.0570150749622079,12.9137745421683,0.490157743385204,0.0299129326365622,12.3934978662585,0.242493380474335,0.0105500597858145,40.4640042129985,2.35082490150528,0.0145691757837257,31.5726854768001,1.39768055293812,0.0266323804586299,14.9861080209748,0.268113282230901,0.0598382153397164,32.7189336350047,0.229493136865505,0.0317778706042874,18.1805455264315,0.756998769445994,0.035499833038364,33.5581686248658,0.484512223318929
0.0102129830278077,46.8454571338927,1.93596088181905,0.0111163214675751,47.6962333379839,7.74253297362659,0.0168118224460937,32.8367488599525,0.502359339784755,0.0216201269501834,28.9946853386242,2.62857178129256,0.0168493311102096,41.8775804257297,2.77795868693631,0.0296644395362655,20.0006108990571,0.557269258583652,0.0432509422687189,19.1114835760495,0.386312373071333,0.0451087238852448,31.4845726249567,0.418777703192166,0.0211887343522842,36.3578158624986,1.50919442006734,0.0405972892814164,27.0513986573372,0.66567580457263,0.0347723965806741,37.2338695784696,0.708777544508739,0.0394777997192928,24.8315752101525,0.22276268868964,0.0117724387151104,23.3160375366587,0.219461675966619,0.0464733219006591,25.7571019244772,0.698818996972287
0.0220888844728134,29.3589954239775,1.16437391558615,0.0101632658127671,48.8801301624577,6.47601139102137,0.0168798957512261,24.7233353742813,0.52465203209313,0.0135108770509758,35.349912764426,1.49729226174673,0.0204481490514363,30.7525633478521,1.4099357561898,0.0372869145111256,16.9874010327428,1.22575615399175,0.0412521733806493,34.9578026882976,0.535996651883483,0.017711774110482,29.4783332787944,0.28525856568758,0.028387168039978,38.8103438675264,1.89130271959977,0.0288953159884775,58.1967849537708,1.05819907349642,0.0319964707643522,28.3497317467709,0.452862753083875,0.0670608414031056,17.1843969526777,0.139709229525191,0.0230687867163607,28.8430481524407,1.239754496655,0.0414839675483608,29.2830374512106,0.622783469226788
0.0149013759002526,36.328592403753,1.51804289729529,0.0116539414021234,34.2019641118465,6.76741774462581,0.0156102556963884,45.3370016608685,0.466015671187995,0.0240048922696776,35.0580960184603,2.4874440606401,0.0241640479338183,20.7820994378414,1.58243083003968,0.025771526412574,28.4098322407827,1.13357794488292,0.0299965423901045,31.928728869164,0.781843675167552,0.0343040342779036,36.9611011173942,0.240495769150012,0.0666030075226025,13.5157964845357,0.225111141817093,0.0371265065929356,21.2954363555495,0.446260618204557,0.043285272688544,19.8547438498918,0.36655274629201,0.042732642715994,24.3863821110977,0.199123582173287,0.0293800576581183,22.4132802961077,0.251672528799778,0.0292794738211341,50.0360879467525,0.175832650067624
0.0194959680426726,28.3067980982866,1.88425394298584,0.00845696705401521,35.0624024636426,4.47999345104842,0.0167313401641313,42.3895197519892,0.482904093896746,0.0213421196415299,32.6779245117365,1.45372134809549,0.0265920383559959,28.5771352621424,3.35208490505279,0.0448753554521454,17.9462992440371,2.31260519971712,0.0349081725989721,38.8174944462631,0.524312669573307,0.031902683911654,23.5971271605169,0.480630719287257,0.0180777198213996,19.4311507224589,1.06116343826651,0.0278930741234835,27.5113347374731,0.850044406720334,0.0234766373728975,18.0405106205708,0.433633971074692,0.0442780126298354,24.1410678405758,0.173954802976457,0.0462516095894061,19.9800276194704,0.552475227948723,0.0263168390548586,34.2629349689902,0.606222357541902
0.0110475689595952,47.0998806719657,1.46016466047016,0.0154959128034859,47.9132654635586,2.90446696247377,0.013128468847905,71.3681411259989,0.408753375023192,0.0252661816913521,47.5180659632352,10.2110027767877,0.0144819379862769,50.884678985762,4.46016230252587,0.0362561582732343,23.0864014136602,4.08494563217369,0.0244363563886994,31.0974948251046,0.824184687997072,0.0367478476691128,15.0831176139304,0.281716108186107,0.00777890999045735,71.3587892593536,3.3793091620658,0.0219117920515288,18.1145322012338,0.684220648745641,0.0455724446518995,21.0601422797156,0.482615095720233,0.0347789393426857,19.0246725573429,0.175868137944443,0.0232574592938428,26.8522886648991,0.208395465755046,0.0266083390081222,34.7101334427633,0.45381119804956
0.0128175361679467,56.5516734009618,4.25495553561281,0.011156021301469,31.8210599452138,2.66166806635344,0.0183857557287411,26.2271109705518,0.536807149399787,0.0352680362818866,33.090749245335,1.20201869495611,0.026539156204382,40.1044683535685,4.4340654433122,0.0195831783541754,29.9366920274445,1.21313676358561,0.0171296217301399,29.7091334102589,0.47480302919941,0.0411893190505028,13.8380852198721,0.413551421957202,0.00897493085275863,43.0922264229583,1.87702454604283,0.0285594543289698,17.6878255689586,0.75362007210853,0.0334244199454778,30.0662029613995,0.592513868355135,0.0316974566360297,26.6719522793625,0.217657356179558,0.0296929286496876,50.9018867455282,0.237975426652384,0.0323824937538652,21.5497634491964,0.78087269197405
0.0279859691674712,29.015656305942,3.11654200759381,0.00883314117679074,48.9436042975934,3.97929278529415,0.0159760642716479,36.9294429641595,0.484487811578528,0.00784820244935503,24.0695612223579,3.23303928918016,0.0309215094703305,18.8447642205245,0.697084131769778,0.0361882755692751,22.6774185693841,3.64859482141709,0.0190207843939106,27.9800446133929,0.520865443346065,0.0302038741023023,17.0027843872963,0.36387420975098,0.0278632805939615,30.6712661420861,1.18288912770082,0.029418507248158,23.0992019089478,0.4811773070525,0.0255633380359092,17.192857875907,0.381808261338387,0.045503408269125,22.8070210255607,0.1569579442575,0.0272024399919194,29.1244141037757,1.17849600036706,0.0165569829476155,60.6621825567723,0.27186692001757
0.0145119723378446,45.3556225796496,2.99534395049931,0.0133606454813212,38.4467744336173,2.19591222357697,0.0201647670252652,19.8162419647072,0.578956449925378,0.020713226257756,15.2402066482596,1.83002959645082,0.0173205510443462,34.6347006599022,2.21342316559808,0.0284561120536035,22.3710161817587,0.321179393371956,0.0277217602350412,28.028758781239,0.889218990997532,0.0444761113803009,11.9778461520956,0.41827623509918,0.0147145481498665,31.3753319769937,0.966855262216632,0.0475003952652055,23.1441084549462,0.539757655105215,0.0272856693475635,19.577301851954,0.434484447464825,0.0477043883265537,21.9210838526457,0.126402997173272,0.0267535560288862,28.4966146375988,0.365183682926679,0.019585694404603,67.7067224022162,0.173219191826769
0.0138646817153154,33.5963207669675,1.61398051060923,0.00565881610441975,53.5653801522513,6.11425086236946,0.0190650094167518,31.4147120589113,0.52974939902871,0.0245026915551266,28.4721749804919,4.72427660461863,0.0168476548654631,24.3874991550048,0.85745299479572,0.0506102028173035,17.4737380623134,0.881406173779409,0.0161371365307125,46.9303201376292,0.640023035080295,0.0431139621457356,11.7776245455262,0.431248554426288,0.025652216735227,26.4096530134603,1.0140600400064,0.0564094660786987,25.2161865012262,0.278130073513042,0.0297526418344853,23.4459884646365,0.4237275529727,0.0348333341676159,22.8908362129009,0.220787557145817,0.0827266353777926,18.2587673703142,0.295567240413018,0.0406041697933822,19.8210231532583,0.637441008645459
0.0193028857152635,41.4221342682795,1.4249596991413,0.0243502661564874,38.8326206228158,2.35440000134491,0.0191519813948399,26.4993042148932,0.54414995693936,0.0244698094493922,39.0197796211897,2.99856822375597,0.0184193130991047,20.7812207331094,0.546148995697095,0.0188472773481147,29.7808486732483,1.44712656999823,0.0246200201127187,30.5813978507312,0.572213547700806,0.0557858265405911,15.126902523576,0.380244446429744,0.0183412820760512,39.354303746202,2.37695483900852,0.0182423832258185,26.4516597987788,0.953914907807056,0.0295904506167956,18.8008251762689,0.298626376965869,0.0266119528010085,20.4660981986786,0.200740729770318,0.037428117555349,12.4489666377035,0.977838112324839,0.032112979404415,39.9433002856926,0.309990323219228
0.0139786960652497,38.0124885685196,1.02559367957294,0.00936933013729072,32.0769026246071,2.68003015359551,0.0155526324191678,32.8254266906341,0.488116159842719,0.0156521165360603,21.5292996325417,0.765181169058396,0.0224823484715677,22.2187201335542,0.848708618161207,0.0236769416453541,39.8378164457781,2.86714348810905,0.0205642022524139,31.6345688000469,0.654523198706346,0.0213144871154537,25.5338634936009,0.188962183741719,0.0291973801917728,18.5562282828601,0.448475968970519,0.0447444328216293,12.9692548271868,0.182087000747471,0.017313637370976,20.8044820793286,0.392527686819145,0.0284708788967334,22.3041125620234,0.185834301389804,0.0325998090605306,16.4574088204076,0.541644123119754,0.0318116508064593,22.5644897354219,1.08185956229101
0.0209625140521866,25.1203232993465,0.666586050722616,0.00772102414678142,36.7873460987378,4.49305539008111,0.0188732674147731,21.8138777668097,0.556987148207798,0.04082712241521,18.5278761328319,0.989312271312775,0.0199465661790742,24.9616803467273,1.91546318708322,0.0242569863564891,45.5354330930219,3.30535021091698,0.0312187033754107,28.6837608026659,0.523257752894016,0.0210552318632788,14.1552556599132,0.279411069546978,0.0216342525849266,24.8869290217543,1.14444922625423,0.0341311985172165,13.552561780104,0.303660600798596,0.0406606494069514,24.1056008367247,0.436812200887487,0.0332142293829996,26.1148361349015,0.2246411129733,0.0424580007058326,18.7160550892511,0.753694368440191,0.0378422559106976,40.4129079295849,0.204316834233722
0.0192515486452282,36.5648303732525,1.54959031679091,0.0133436205183461,44.4994531900594,3.40366637578779,0.0167529678440219,39.9189289191093,0.487439918500296,0.0160655234721667,30.7825909856566,1.02957413240238,0.0187713321160379,18.9290366800421,0.810226756977974,0.0225467960867939,15.0426077926009,0.0553276877248574,0.0202322988197703,23.9484483911704,0.509931050849013,0.0238509476487045,27.3527902049817,0.420124795219216,0.0235617020535744,31.4530262866511,0.661407368773231,0.024047401778064,18.6550562737882,0.733408987830375,0.0286560765336791,20.397124563316,0.364700753779226,0.0465167584516427,20.8074368699332,0.180453840332139,0.0313427022315836,20.8163353848149,0.893600102727495,0.025362540171246,44.9473881682403,0.228349605150745
0.0197010920051931,42.3825068163734,5.14008014500175,0.00883168898048633,43.4871436850062,5.59171265880594,0.0189437036378252,29.952549360368,0.53223358335153,0.0179749233054633,17.2109165786556,1.04610938835555,0.0187502181312282,21.257421586221,1.4413785757694,0.0762542639091348,14.1573118274034,1.95536550263566,0.0370294575612432,27.0189852090626,0.36961152207726,0.0445934665693024,17.9752527255677,0.490343543713385,0.0219699641289821,22.9164318609843,1.26539700901638,0.0350887280239227,25.8677889105185,0.740662518882262,0.0561577244316272,27.7955935925241,0.361475426522079,0.0469683967536232,16.8480414626361,0.0992743603795844,0.0429796650142917,20.739741394218,0.728259418112553,0.0254242172437546,53.940584863642,0.155632275278079
0.0108610046528536,73.2652887061411,13.0455587226047,0.0153606548097688,37.7207006057244,4.2594363805526,0.0175801259737124,25.3185015653262,0.530735735817452,0.0217589106734458,40.3741046886135,2.72103908753617,0.0212200733763056,24.0943441464754,2.73286567423917,0.0302208277488328,20.8570671505038,0.816342192957822,0.0681442437379121,15.8331252932772,0.452051987666124,0.0402090356717097,18.3621569130011,0.525100585548515,0.0181567464190981,33.0148498672768,1.22953290006597,0.0195262951864275,21.4144013517386,0.554162826498535,0.0315503182793933,41.1873993221197,0.618203838341768,0.0507878956134544,20.9798129608059,0.155137153551549,0.0517249371385568,39.5196105369214,0.391784738644509,0.0344971895847527,31.3497840261394,0.339668378881297
0.0129987844440817,57.7850997965358,5.36112296535167,0.00976225412413055,47.7057973608868,2.39044764660933,0.018391559806011,25.2747658635135,0.539811274153177,0.0557030659633485,23.0276112582503,1.6732147283649,0.0175983444460429,30.2399904450786,1.52704190795887,0.0463671734870159,13.4217939208336,0.229927949022747,0.0489050695207998,19.2821635076214,0.50656020560997,0.0572425166186226,15.0997940785891,0.315435359436041,0.0152988487238225,47.3020629813108,1.74556639398066,0.0328557753349458,19.2670676212861,0.284147849723019,0.0302646521264428,21.3718901899683,0.423016380276722,0.0235130733470871,23.9920907555742,0.155874327554172,0.0354145640217836,39.3252622298659,0.364879925474829,0.0353037769342741,35.6509981717814,0.471099887787209
0.0154778903828746,46.30654380691,3.678874812275,0.0150153750256428,31.7163118740885,3.36051717308377,0.0152002067731081,39.9907221386331,0.470080181239067,0.0595503562967249,30.148562570095,1.30765127313734,0.0190632409298569,26.47872602963,0.846977650909731,0.044570388796426,19.9793843921956,2.52358176794944,0.0417085672097695,20.0997140326587,0.53319955211777,0.0314403629231577,38.6000630222215,0.349508890231592,0.0104411420079538,32.483899957966,1.69927313116363,0.0354752750095735,25.4169526063478,0.291494477914993,0.0321860831256673,28.0235225429044,0.399759646034338,0.042130656993935,20.400008389555,0.205165299748061,0.0264897176660873,19.3045695832341,0.998333640515213,0.0220582795463949,56.0681600831734,0.239098159865719
0.0289007955628118,26.4242259859949,0.412375422002025,0.00707621874057786,50.6955430769125,8.87543695671157,0.0197495965669009,26.9642755234755,0.548960964910217,0.0294500775526055,19.7957409433174,0.684898517504144,0.015659339102041,23.5633214627268,2.81487273538931,0.0139767295173854,24.513310653825,2.11304280055017,0.0337165705725206,28.3474395378865,0.504882915283501,0.0372270726980368,15.6975618263054,0.315192700562152,0.0149384386559858,38.7724645000627,2.18916748958714,0.0362382347362284,20.0318206064757,0.39989167261919,0.0392386434262061,13.4846911257377,0.308502292336659,0.0456900426776084,17.8712832696546,0.214274321497272,0.0463485608474303,21.9203128479978,0.310272222696962,0.038556208845512,30.8075725689321,0.455604245080216
0.0165028704336908,35.8006076425945,2.65841380134411,0.00589537413360412,35.0551694480433,4.47113898110816,0.0193771776358105,28.3420810428108,0.541108565897092,0.0232650459788333,30.5928657776492,5.47197971888679,0.0177479922017672,28.4264441231259,2.87237864592484,0.0427681871714795,37.8340163558395,4.51826859422048,0.02191320907049,21.5611184427671,0.678283866625209,0.0434986767886572,17.7175082910207,0.324211962051785,0.00704846048533484,57.4062664700353,3.4898277788482,0.0242020864573963,30.6507794500514,0.782307261198422,0.0176029990544091,18.748562653132,0.527967293432898,0.0424410117963892,24.5278356170982,0.229398312525699,0.0483778962270368,19.5453579878009,3.37481037363501,0.0332810554650721,29.8638175362655,0.693587389017397
0.0217949205795123,33.4364729496594,5.91820717966855,0.00793830843435223,43.0363303277776,4.17709876037988,0.0195484869697827,22.2151251866859,0.562763321335935,0.0309569872451426,24.6639025092168,2.26135945406277,0.0134555557956929,37.5554573894833,2.8807378591457,0.0173024871204649,23.1931033433877,0.796456136414914,0.0436546670907344,27.6832585511252,0.540151763886916,0.0215678802536675,23.8288336265679,0.39978471472583,0.0186112980808072,28.4028284388578,1.04900157436401,0.0278457713410763,23.2256218261183,0.441852185103436,0.0428354920630293,26.2787047931304,0.521999435162482,0.0484006964830018,20.0071708342388,0.160277153218886,0.0234152013020474,12.9060004677086,0.609527863655759,0.0307436729816977,33.2657981590721,0.411517165021887
0.0164617792323373,46.1699634033528,3.86124709923417,0.0112683525836857,40.0831208645864,3.91642656337556,0.0175478661780967,39.3572681595903,0.496914007250374,0.0163960466980772,31.5405345354656,2.60585002203557,0.0268430852094942,18.9185401192467,0.866142656834587,0.0309660022270003,23.8208595580463,3.25285828123665,0.0385604728124392,26.5965071471784,0.632743906875401,0.0563172660327547,16.9981433545494,0.524935714561552,0.0155279429633448,32.4265985702925,1.34094948676737,0.0204768902323014,19.9779982271204,0.606519686750659,0.0388999415620574,29.8566972991412,0.448011916227972,0.0283483774370249,20.1257821593614,0.16222141558612,0.0425517833579115,14.1248843087791,0.824514753784956,0.0270840767111141,37.1714360041974,0.525888699286694
0.0115052674291545,60.0042629189053,2.17885655855775,0.0153987872646884,38.03676621299,0.906123356283999,0.0181614098309714,29.1959227662422,0.525975125643691,0.0258223836406409,45.9202798739947,10.026878321196,0.012729275194022,33.0879562912926,2.80645178405784,0.0242272687408984,21.7595941167085,0.541928600630348,0.0183501592657506,26.7102023503564,0.890137688885763,0.0441351438984595,24.7386014323386,0.446805162056213,0.0238204282796311,23.6375268169693,1.05624589083544,0.0377206010287695,26.7130573019878,0.54221634093035,0.0258993510681445,25.0293264127942,0.40408894071346,0.0409307136392049,15.7130181727282,0.141579881076864,0.0139224320087639,28.6225675763521,0.554809974794957,0.0414941303877726,31.558947221021,0.306537079578276
0.0273771249500956,34.0295348187923,3.6888323086554,0.0081637285154162,27.3001585683743,5.48919293952757,0.0184902103452616,26.0086325049557,0.538599000323761,0.0153496526945914,30.60396557035,0.791787377725321,0.0192911480420717,21.6820980514078,1.01387653901694,0.0378151975638359,22.4907584095723,1.31283433029216,0.018718633978105,29.752854158295,0.918316979564115,0.0244088798126864,21.3821539730326,0.29874440560424,0.0165948951366036,27.9629054946839,1.63166904115273,0.0326788928682616,21.3230932021079,0.480295163162298,0.029180649611437,24.8351580240738,0.302585831430875,0.0209395779362532,24.0345768432352,0.208905888924147,0.0218919661587838,29.0818850365921,0.338568036253688,0.0345050465437917,37.2998881157384,0.257537702978355
0.0274115846147641,40.2020699142363,4.77790264240108,0.0224666937138537,39.9693693221945,1.63154275763684,0.0171792605056752,26.348167399306,0.523134540487089,0.0151839814804056,17.2196973077654,0.350716190015036,0.0206078934900663,41.4843128055521,1.99919403812127,0.0504168390029685,34.5387841382837,13.968534550533,0.0209596644829583,27.5147138587421,0.806344006728411,0.031100257432778,38.0217370617666,0.252113107152251,0.0203114081881795,18.7848965596212,0.686154211431253,0.044613296859638,29.2717866639934,0.528025040848172,0.0305961451613812,32.1404075670601,0.463478445537639,0.026968807229727,21.2746082705029,0.178442147554232,0.0320956850400706,17.380041991739,0.864044610790855,0.0231368104452268,39.9911914137803,0.403174336657213
0.00914909011243652,74.4106914219117,7.28127380001323,0.0193866870361641,34.8609961520809,1.45122233354661,0.019227347445952,20.4899900699514,0.566043090690459,0.0146331157009937,21.9786206232071,1.50729969092079,0.0147689453837518,29.8008302488791,1.85489998081559,0.0271786982641164,14.52591160495,0.588356036008459,0.0392670897055358,25.4981810167999,0.592506107110911,0.0345859934209015,26.8810402366826,0.463784600455691,0.0204388253357381,26.3261353200521,1.52032725846869,0.0218485624390303,22.6959718500928,0.966056102790253,0.0232283587545656,25.6479986287081,0.469785800211618,0.0338045384934088,29.5061369490068,0.236775767660033,0.0544478659141023,28.0575096376426,0.172912155429864,0.0372209673984527,26.1761622240794,1.22116669913214
0.0202318102271245,43.5394433804771,4.09789669458949,0.00620915927058665,40.1638856856789,5.34163732903032,0.0159638225715562,42.5039305751353,0.474395103197053,0.0165578122022082,39.930560982569,6.88779128236502,0.0162592292426108,40.1195523256825,1.7425269319687,0.0321458898080367,26.7150169662797,4.89682076049879,0.0217141688257228,37.7428347770729,0.741195169477627,0.0291213990069674,16.9236708921626,0.334314549032213,0.0131461410919564,60.3588652940415,3.24998789851458,0.0381479416586893,25.9867747043841,0.707769115029496,0.0293003172085419,31.7300999224367,0.501096483080187,0.0325230945002244,19.0171766543618,0.148713130588486,0.0340055711770839,28.5067772021154,0.402593751577503,0.0266578855771763,34.5978391705747,0.401936728117647
0.0225405728126961,25.6098782807343,0.409909078157182,0.0110538560012764,53.4678070543296,4.39536241143098,0.0194626063376585,18.9100474381268,0.575376680502296,0.0571660263113578,21.8736159929386,3.55725573991602,0.015530020175426,35.4284304701437,0.983323388794469,0.0168692213626784,22.3719207721553,0.592117739452198,0.0416820477808612,21.3925091546411,0.364190337676022,0.0239003938249745,21.4915423329287,0.498646973737671,0.0135171764049847,51.5737404106334,2.18636969148002,0.0191834924869224,40.1650543445109,0.896304655509088,0.0321160604110198,18.8936747153409,0.385940554996533,0.0541549955562531,15.5992832680562,0.120705605170086,0.0210955922121467,26.8714434310055,0.405641820527972,0.018375361891378,33.0346199688158,0.350389342893885
0.0271950870390242,40.5665886132849,5.41555797694918,0.0114242982488663,35.2240345654454,1.34938733942921,0.020908897050456,23.1715983253216,0.573369992876273,0.0341614417223295,20.25425039634,2.26476311566972,0.0204344222142484,23.7794841060286,1.31417019631604,0.0355209402577747,17.5118241689254,1.0677763151231,0.0769978766333995,16.6127507958707,0.38428901197102,0.065514765458564,8.64330901161188,0.417588121681219,0.0173737713823157,31.5059725195927,1.02602436406609,0.0239482541946424,20.2935143821048,0.71002243058397,0.0502336259455708,26.6599745711317,0.328802530590709,0.0319424127758759,20.6719731579323,0.184877960312635,0.0232514395834543,23.7890320439507,0.177583464350189,0.0319949649008829,27.7985286506101,0.858974594404906
0.0206827932069752,38.4611458315535,6.67956236017666,0.0150382799878262,30.861771021539,2.41724919939039,0.0151851294023309,34.1814623029999,0.480930728494988,0.0386661813272701,20.698215740441,4.09786548701995,0.0219756256416311,19.9960504051821,3.47007353891448,0.0294937264622938,18.1220158313582,0.51790407800686,0.0329655192777235,22.9047503080508,0.676313414459068,0.0329351773643203,14.7917053156822,0.578893437230835,0.0260240652845327,31.3536061973032,1.1459399545651,0.0540392639919006,18.9615867933299,0.28307684334296,0.0310649407742844,21.0925556734114,0.343140371990997,0.0250529183324179,23.6391914666647,0.213357609699096,0.0437947361679236,25.4496563741293,0.505867143991281,0.0275559823914484,30.6263329381039,0.175907696356972
0.0121367259814161,44.4689431338358,2.6409375793686,0.0144078625822844,38.7832432663839,7.61223293134996,0.0158186816195654,45.931228621611,0.46740890600087,0.0318792798440039,28.2444947456926,3.48353710451367,0.022584538643722,27.9823977700854,2.6417075675506,0.0268528932063587,25.741716245052,1.31952466617177,0.0266226931911849,25.8297518537185,0.631991578095113,0.0598883412123185,24.1700066277014,0.20822135461221,0.0281074326718745,43.0413440520522,1.67009852404448,0.0297969825237113,23.4839284808032,0.650971685219847,0.0307233237514532,26.8046769856613,0.550809946908813,0.0304298363116127,21.0584109221968,0.143405918670241,0.0312416228601073,26.8221044543683,0.734827236151176,0.0383521667435693,32.962800833939,0.464596084623851
0.0243625117648745,39.1881369127796,4.82963476590764,0.00680314264367569,34.3141317038653,2.52404522044569,0.0156629996344494,51.5725897660503,0.457799358738859,0.0120616959737837,28.2528357221228,1.32822572563348,0.0143229082122173,27.3078679245693,1.73945427752155,0.0382152691737943,24.8123978078947,1.04435655303153,0.0214262407248194,28.3825577917228,0.821660630310863,0.0156707785270375,39.622918838722,0.216704310428308,0.00628066949747034,37.5932873066024,2.12886454038049,0.0375595104672147,16.9124110809766,0.400692918938958,0.0233268612297443,23.7316003377057,0.415102934833916,0.052291977287754,12.6701894815158,0.133386320534577,0.0822064255420423,22.3036125029769,0.693187405470353,0.0445212457417402,25.3665359528235,0.706262227404165
0.0359314966338035,27.0413344595744,1.94748924385068,0.00790456360202547,53.9533320402549,14.5384885893731,0.0179409278383106,26.135309358483,0.532238935018282,0.0607124031363055,18.3313662953275,4.5286023722805,0.0272554424250476,27.2011933375616,1.49311101780108,0.0286264108152071,30.4885361350803,2.53342645576896,0.0698546284997204,21.271795540475,0.504744494797105,0.042433126615817,17.73101236002,0.300767015237619,0.0112118037963596,26.9264441164691,1.38986878766034,0.0337453914965296,22.0029033277143,0.510357586404357,0.0310358972541152,18.9498082900197,0.476980795694778,0.0419220549621212,21.3314608707402,0.206945510729148,0.0496029532360308,19.3812357459774,0.168759178229217,0.0233867866576708,31.6476576789759,0.418979701158792
0.0259132540646625,24.5687171374054,1.03267476365896,0.0104384229453077,40.2018761299308,1.53484117859956,0.0181346837993664,25.2048845410142,0.537228188143004,0.0199154134648659,28.3635089763604,0.703513097055551,0.0115987269447588,26.0906990622675,3.2012930721751,0.0507358621190669,21.4781639867487,1.18770333189477,0.0160783050605744,24.6889097119015,0.927411836108091,0.0352912539565696,18.6622391722868,0.392395520129271,0.0142525817078949,39.2821872077455,2.64211189131934,0.0253752496555727,24.4879398097995,0.633064053921971,0.031372612690168,26.4494176571957,0.560998755737579,0.029391032892519,32.929168260591,0.297027665060897,0.0461057487483345,21.1570178337124,0.723131609542432,0.0391288849810859,34.0865978072774,0.292669969555274
0.0150456237300308,49.1421322175729,4.63904559654024,0.00812852602371474,49.1799929028819,10.6928894926868,0.0202931326649026,21.2696783113878,0.574281583413711,0.0270774343199933,19.3404770499714,1.51037613751671,0.0155079288365527,47.4668210825968,1.36921743594887,0.0408470477405634,22.6259882604853,1.89711839629282,0.0217565189928762,24.7838663561293,0.76904045701978,0.0287637197870343,11.4405233251556,0.275852155940801,0.01654235692455,43.5609111027192,1.99778737343275,0.0215172750121461,30.4478012048523,1.14699244265144,0.0204962354010649,21.2481561938207,0.397785761518531,0.0238198097720618,19.8413749342443,0.298314550821119,0.0261592583107984,24.5651719136882,0.130602010429443,0.0350309044040971,17.390482579658,0.876323803555714
0.0272767859999816,31.2444903652293,4.11033505767277,0.0121890758255225,49.7925631217604,4.08801086551679,0.0172262844999311,43.1857272445065,0.486802525661933,0.0153132784008889,42.8628923438787,3.11981420376602,0.0232797143804074,20.842281140781,0.887470510717572,0.0290780510854631,44.1672672009531,3.10342356456661,0.0321019955226825,23.9788673611504,0.649190908079594,0.0272559642034248,22.6715207810743,0.276536263259921,0.0114025425445253,37.2263730037621,2.46041540620704,0.026399469517097,17.1059582464634,0.474998234532022,0.0404347856914388,25.1352009145078,0.559368816105181,0.0438951283766874,29.3289625038676,0.244055857638131,0.0479797609829352,24.4365129393427,1.68190619700352,0.0243332553607178,49.301760819972,0.249800701661462
0.0175794526542102,29.191169839147,1.10738884243533,0.0057226436407081,46.9760916858825,3.77428419155977,0.0163131626305586,33.4688436462496,0.495394960684387,0.0297953126449396,19.6660133111366,2.52298937791834,0.0124414990757719,44.3718060638282,3.85623881791234,0.0355293971033545,15.8965373942851,0.426547625420245,0.0509330313521152,20.3640089825073,0.50223246301958,0.0457145390326551,18.0384552179138,0.306033195678774,0.016544760645459,58.8098991605498,1.78945849941951,0.0162668786143085,21.0778886783794,0.92251591262993,0.0213379372624229,23.8622150857599,0.39917528733098,0.0293469108635858,19.0907677020055,0.257256599285383,0.018879593747732,15.0598887720526,0.488758548713949,0.0320398947738876,34.9015431255969,0.748701214611057
0.0104526159590278,42.7314552903488,1.96458334448944,0.0190903651456194,29.368744190683,1.01321750375118,0.0180578796965254,23.7373858332175,0.541159236225559,0.0346471338043929,33.521526947559,5.33315481586494,0.0210401208073915,33.0501812526196,1.72695943818606,0.0193029691728633,23.0795089045313,1.65658105431158,0.0239959522713028,21.997455823072,0.585479349849036,0.0224815245519367,24.3459972921167,0.355707642209635,0.0393082577088831,28.4576792669483,0.514883918270828,0.0169512336494168,24.0582859024329,1.19989509062287,0.0253168874146786,22.4654307214059,0.539653340802972,0.0430421956391348,18.0581946265958,0.144790869147589,0.0200471952632819,34.5103008704022,0.247625224032442,0.0195578164519859,53.7609740487365,0.408674176679353
0.00935620633189573,53.9556734817046,7.94360737189776,0.0166785806318325,41.6234506449797,3.3491969544218,0.0185719907385669,38.0191094257129,0.510055685809988,0.0554988820755582,38.6509593705487,4.6701900857434,0.0178001130729002,23.9339075721308,1.16596717600771,0.0180501263113865,23.8344066329349,0.611158905284777,0.0247909529115991,24.6330812175861,0.592528880583317,0.0345260100412136,59.674177881491,0.367615949893639,0.0157836231978468,37.6554980050771,1.58664266793694,0.0277250497881519,20.0128625367413,0.616692723360089,0.0230530909573936,20.2299394130815,0.424885112280475,0.045989065002562,28.2087187378611,0.20138814081591,0.0308597414422306,31.6670353080959,0.618749028723704,0.0232624058914411,39.2235982221111,0.304412254925285
0.0131231764499228,47.8724769366957,1.9846619774785,0.00764356532987523,37.0402354407299,5.50146001008773,0.018475616567493,37.7229207928551,0.509662999779907,0.0241320313036429,28.824321389077,5.19008373646818,0.0185638243578679,34.3033002638808,1.05769897622533,0.0224366711490667,24.9408068257816,0.854425016204946,0.0367935055023851,25.0668358575179,0.662510936742041,0.0227724999558336,18.8936544162099,0.292553503623626,0.0232029497463421,24.3478676290096,1.26298416130185,0.020415026287356,16.8938244646377,0.513787714671706,0.0354961948219555,17.6668461799325,0.348276472206657,0.0271551303443495,14.8745252487335,0.14936569687795,0.0328795206287613,32.612075758354,0.31511657743958,0.0338708464986527,44.4509079591521,0.203816232352294
0.0158884187375463,41.8684806700845,2.19451130128595,0.00769930915951172,40.4559781774534,1.60220491316753,0.0170217418195838,51.8092159699399,0.471794497227118,0.0129532874944792,31.1560008232847,2.59580101158371,0.0340384477604024,20.8980067405661,1.11426561169079,0.04673949556814,28.8905176332562,9.76263431062091,0.0240798388478247,19.7094133646457,0.44626865621447,0.02479912928791,31.3757591146387,0.239028737511621,0.0143719222416719,32.3180960798987,1.39127009158178,0.0238755594118724,21.3195753216519,0.562876826840758,0.0268434572706242,16.6343857567205,0.382624454655073,0.0298840820947193,23.3832781260122,0.192854881451096,0.0269409392433095,17.6033305202569,0.274788772016466,0.0210537833686042,51.5252148467749,0.250476412505986
0.0191870581603575,29.5129225230037,1.08461792677727,0.0115046504430316,40.2749145531594,2.40789468169398,0.0174322373102307,32.529580843795,0.509849741630362,0.068980241381009,32.3625055819927,8.54357309232468,0.0113208034930863,27.3084479151255,1.15155162174206,0.0192854785943545,25.4128157278199,0.123778687509904,0.0246130711805241,24.3321315080243,0.888153157696068,0.0487158757897905,25.6820369927395,0.34302038143048,0.0155712832483314,51.639229047651,2.19705517432296,0.0356152323733816,35.2465927363026,0.668072783886828,0.0247124563383829,25.3757032322619,0.545652599856032,0.0330623638587857,23.1794980942987,0.192713254039786,0.0530649500353234,23.4130767436946,0.313671952241039,0.0317307981867097,30.9092499392126,0.403618171446815
0.00826089322669135,49.3076884736614,2.17530536948395,0.0177627683629167,44.1952447994297,3.3471683978888,0.0176928431364938,37.8855100909892,0.501243567683803,0.0256890236637626,26.1948239023431,1.40292132696255,0.0211675017125697,31.0765521706445,2.23396598585952,0.0273941265766309,37.8272439021785,4.06986292098947,0.0475162951051491,19.2520555307358,0.58414946791511,0.0700812037511862,28.7555800738089,0.652345540135823,0.0151303235627278,21.9152248059738,0.921729205790091,0.0478315527722069,18.496472480027,0.37482835344985,0.0381065718932056,23.2595668776323,0.700067694411707,0.0361372520518928,24.7495045553586,0.171863084264568,0.0426614772422443,26.144593265759,0.332378858625235,0.0306509350509008,29.8894734904472,0.664269723526367
0.0195503288405617,35.1718737416633,5.90522043933655,0.00699757080877058,56.9502860165308,13.1829308901192,0.0179903593782622,30.7557707771711,0.52012172843831,0.0266704469406946,28.0090049024862,0.835425971114412,0.0156581199130839,50.5039231146797,1.06834947047348,0.0333735569441968,22.2743386343642,5.92764216641772,0.0247341522070262,21.1052417539531,0.721732473970849,0.0281621959450941,28.8527348802146,0.407896568649068,0.0199466692117593,32.6650600393759,0.958472371764642,0.0485228669729121,30.2360885071562,0.460972461769594,0.0335460416970408,25.567527478699,0.478505648714188,0.0368066636738207,19.4896219538453,0.178702339987094,0.03983763615407,12.118819374086,0.747009051944887,0.0281672951775663,41.0815841099857,0.191483979036849
